Zip,zindex,avg_w
90001,267100.0,721.8
90002,254500.0,659.090909091
90003,279900.0,698.545454545
90004,1094300.0,842.8
90005,685100.0,731.333333333
90006,511800.0,769.666666667
90007,491200.0,752.727272727
90008,548600.0,649.0
90010,741000.0,766.0
90011,307400.0,706.95
90012,408700.0,821.4
90015,571300.0,785.0
90016,431100.0,700.714285714
90017,497200.0,638.714285714
90018,427700.0,736.428571429
90019,807000.0,739.428571429
90022,336600.0,745.166666667
90023,316700.0,744.363636364
90024,986200.0,958.5
90025,751100.0,771.0
90026,652100.0,688.333333333
90027,1163200.0,803.5
90028,653200.0,724.0
90029,659100.0,789.75
90031,404900.0,727.6
90032,376600.0,760.4
90033,340200.0,680.111111111
90034,847800.0,798.375
90035,1059500.0,868.333333333
90036,1300000.0,765.0
90037,348200.0,708.333333333
90038,686200.0,752.666666667
90039,705900.0,844.2
90040,331600.0,765.0
90041,652000.0,824.6
90042,513700.0,756.0
90043,410600.0,682.142857143
90044,300400.0,693.916666667
90045,815900.0,803.333333333
90046,1121600.0,807.5
90047,328200.0,649.0
90048,1203500.0,811.0
90049,2300200.0,848.0
90059,261500.0,744.888888889
90061,289900.0,751.5
90062,371700.0,694.666666667
90063,318500.0,674.2
90064,1083800.0,816.0
90065,599100.0,782.75
90066,986400.0,775.555555556
90068,1164000.0,834.0
90069,737800.0,922.0
90077,2477400.0,963.0
90201,337700.0,727.611111111
90210,4140800.0,916.0
90211,1635800.0,909.0
90212,1859400.0,891.5
90220,269200.0,743.5
90221,287900.0,731.666666667
90222,257100.0,725.5
90230,639800.0,827.333333333
90232,913100.0,850.5
90240,485500.0,841.0
90241,488300.0,769.857142857
90242,414700.0,792.5
90245,846600.0,899.0
90247,390100.0,777.666666667
90248,404200.0,707.666666667
90249,415200.0,854.0
90250,467300.0,758.642857143
90254,1258900.0,944.0
90255,334400.0,735.454545455
90260,430300.0,757.666666667
90262,304300.0,735.941176471
90265,2423500.0,908.0
90266,1856800.0,949.857142857
90270,371400.0,785.6
90274,1632700.0,882.75
90275,1158900.0,924.5
90277,918300.0,853.833333333
90278,781000.0,912.2
90280,332800.0,731.315789474
90291,1373800.0,896.0
90292,821800.0,762.0
90293,541700.0,875.0
90301,321600.0,735.125
90302,319500.0,792.0
90303,404000.0,735.666666667
90305,398700.0,713.0
90403,958100.0,935.666666667
90404,726000.0,881.5
90405,1171700.0,781.0
90501,545800.0,790.0
90502,371800.0,768.0
90503,738500.0,891.25
90504,579000.0,851.75
90505,812100.0,903.0
90601,432600.0,797.714285714
90602,448600.0,813.0
90603,480800.0,893.0
90604,443500.0,814.923076923
90605,408100.0,750.9
90606,382400.0,785.5
90620,455700.0,854.625
90621,467200.0,796.666666667
90623,629200.0,874.6
90630,539800.0,902.625
90631,469300.0,810.785714286
90638,466100.0,848.9
90640,422000.0,699.333333333
90650,375800.0,793.090909091
90660,370700.0,771.214285714
90670,403500.0,826.0
90680,397700.0,758.5
90701,443400.0,837.25
90703,634800.0,851.833333333
90704,576600.0,781.0
90706,401700.0,752.5
90710,472800.0,769.75
90712,468900.0,816.375
90713,484900.0,804.571428571
90715,415400.0,791.6
90716,324100.0,741.0
90717,570100.0,825.0
90720,797000.0,939.75
90723,321000.0,784.5
90731,496200.0,764.833333333
90732,552500.0,869.5
90740,809300.0,918.0
90744,372200.0,775.9
90745,400900.0,768.545454545
90746,442000.0,777.857142857
90755,406800.0,813.0
90802,278200.0,782.25
90803,791800.0,900.4
90804,399100.0,780.6
90805,345800.0,752.75
90806,422800.0,796.5
90807,515000.0,837.75
90808,567700.0,850.125
90810,349300.0,738.25
90813,321000.0,751.0
90814,642700.0,859.5
90815,572700.0,855.25
91001,650900.0,746.0
91006,1031300.0,889.5
91007,1126100.0,936.333333333
91010,429800.0,757.625
91011,1435500.0,958.5
91016,560300.0,793.5
91024,828200.0,908.0
91030,851900.0,927.2
91040,462100.0,838.333333333
91042,474400.0,759.25
91101,452600.0,818.0
91103,581100.0,741.2
91104,648700.0,792.5
91105,1021400.0,786.0
91106,554400.0,721.5
91107,764300.0,784.0
91108,2134200.0,957.0
91201,645700.0,865.0
91202,655700.0,830.666666667
91203,411500.0,872.0
91204,424600.0,741.5
91205,508400.0,831.0
91206,657400.0,795.8
91208,817600.0,915.0
91214,702100.0,907.8
91301,753500.0,894.333333333
91302,1308000.0,902.428571429
91303,394400.0,682.5
91304,528800.0,753.0
91306,448200.0,783.666666667
91311,532200.0,719.0
91316,534800.0,849.0
91320,614200.0,843.555555556
91321,407200.0,850.0
91324,508200.0,803.0
91325,586700.0,833.5
91331,357500.0,753.363636364
91335,422400.0,781.4375
91340,345700.0,721.75
91342,404800.0,715.416666667
91343,456200.0,757.769230769
91344,523800.0,785.0
91345,419000.0,817.0
91350,456400.0,805.1
91351,399000.0,814.111111111
91352,396600.0,711.5
91354,496900.0,904.2
91355,464500.0,887.0
91356,834400.0,827.5
91360,602000.0,861.0
91361,866800.0,918.5
91362,719600.0,882.333333333
91364,766500.0,618.0
91367,625800.0,783.0
91377,692300.0,869.142857143
91384,468800.0,843.5
91387,446100.0,859.0
91390,548800.0,820.0
91401,629700.0,661.666666667
91402,356400.0,729.6
91405,431500.0,733.2
91406,453400.0,770.8
91411,571600.0,711.6
91436,1336400.0,953.0
91501,650500.0,875.0
91502,445800.0,825.0
91504,646700.0,863.333333333
91505,615100.0,818.166666667
91506,640600.0,791.8
91601,512400.0,736.166666667
91602,680600.0,768.666666667
91605,423200.0,766.125
91606,452000.0,794.2
91607,702200.0,870.0
91701,470000.0,869.4
91702,366600.0,752.928571429
91706,361100.0,770.15
91708,423500.0,912.0
91709,584100.0,888.785714286
91710,408200.0,767.714285714
91711,597300.0,840.818181818
91722,401500.0,755.444444444
91723,436100.0,799.666666667
91724,481800.0,813.8
91730,364200.0,831.0
91731,402300.0,780.333333333
91732,414100.0,745.777777778
91733,395300.0,778.125
91737,544700.0,874.0
91739,547600.0,893.777777778
91740,447100.0,772.666666667
91741,586600.0,879.833333333
91744,371600.0,775.769230769
91745,578900.0,838.133333333
91746,374500.0,702.875
91748,562900.0,839.285714286
91750,540200.0,898.333333333
91752,405200.0,774.25
91754,546500.0,812.285714286
91755,545500.0,837.0
91761,357500.0,792.454545455
91762,325400.0,764.833333333
91763,332800.0,755.090909091
91764,302100.0,748.909090909
91765,624600.0,895.0
91766,326200.0,719.666666667
91767,331600.0,709.636363636
91768,319900.0,758.0
91770,490600.0,832.428571429
91773,518300.0,829.090909091
91775,753000.0,905.25
91776,556900.0,820.166666667
91780,654900.0,893.333333333
91784,586900.0,914.0
91786,402400.0,810.2
91789,699700.0,911.9
91790,446000.0,838.777777778
91791,517900.0,833.666666667
91792,435700.0,772.0
91801,539300.0,786.777777778
91803,548300.0,835.25
91901,487200.0,850.8
91902,529400.0,856.0
91906,227300.0,721.0
91910,400100.0,824.0
91911,372300.0,786.5
91913,457300.0,859.909090909
91914,609900.0,898.0
91915,453700.0,878.5
91916,354200.0,872.0
91932,382600.0,727.0
91935,602900.0,829.0
91941,514100.0,839.25
91942,414000.0,868.333333333
91945,348000.0,795.6
91950,317600.0,791.916666667
91962,305100.0,682.0
91977,359000.0,757.615384615
91978,414200.0,768.0
92004,229600.0,728.666666667
92007,860900.0,924.0
92008,718500.0,846.545454545
92009,736500.0,924.7
92011,767800.0,911.0
92014,1606500.0,943.5
92019,435900.0,814.909090909
92020,416600.0,761.769230769
92021,382400.0,762.909090909
92024,803000.0,853.2
92025,434900.0,747.555555556
92026,412100.0,764.0
92027,367900.0,720.8
92028,487100.0,769.7
92029,630500.0,892.0
92036,293500.0,796.333333333
92037,1282800.0,939.6
92040,408900.0,758.444444444
92056,412800.0,794.857142857
92057,382000.0,806.0
92058,386200.0,790.0
92061,480700.0,764.0
92064,606400.0,855.545454545
92065,433000.0,791.3
92067,2737100.0,953.666666667
92069,435800.0,769.363636364
92071,396000.0,849.727272727
92075,1172600.0,906.0
92078,502000.0,878.8
92081,466600.0,823.0
92082,503200.0,771.571428571
92083,366800.0,765.8
92084,447300.0,712.888888889
92101,486800.0,703.0
92102,363200.0,774.285714286
92103,611200.0,854.75
92104,478800.0,837.0
92105,318500.0,746.583333333
92106,925700.0,846.75
92107,766900.0,911.5
92109,718700.0,826.571428571
92110,503000.0,841.0
92111,474300.0,749.333333333
92113,303300.0,709.666666667
92114,342000.0,772.4
92115,397100.0,765.125
92116,461600.0,804.0
92117,513200.0,798.642857143
92118,1424100.0,900.75
92119,487000.0,882.25
92120,506600.0,877.833333333
92122,589500.0,892.8
92123,466800.0,834.285714286
92124,545000.0,846.25
92126,461200.0,874.555555556
92127,683300.0,927.0
92128,526900.0,905.0
92129,652300.0,915.083333333
92130,896100.0,949.833333333
92131,671500.0,934.333333333
92139,341000.0,819.142857143
92154,357500.0,781.066666667
92173,327700.0,778.166666667
92201,198700.0,766.944444444
92203,294400.0,828.5
92210,701500.0,912.0
92211,325000.0,850.0
92220,186500.0,724.5
92223,259100.0,806.7
92225,122000.0,652.0
92227,147200.0,767.888888889
92231,174300.0,688.090909091
92234,231100.0,755.333333333
92236,174100.0,715.888888889
92240,151000.0,722.571428571
92243,159400.0,756.444444444
92249,160800.0,823.0
92250,143600.0,749.5
92251,188600.0,792.2
92252,101800.0,815.0
92253,386400.0,757.571428571
92254,114000.0,729.0
92256,112600.0,833.0
92260,321800.0,849.666666667
92262,312700.0,785.5
92264,277100.0,627.5
92270,482600.0,841.0
92276,158500.0,766.0
92277,93200.0,803.714285714
92284,136300.0,734.0
92285,70400.0,805.0
92307,200400.0,787.333333333
92308,176100.0,732.0
92311,93000.0,755.6
92313,295500.0,801.0
92314,200600.0,705.5
92315,296800.0,811.333333333
92316,245900.0,746.0
92324,212500.0,722.466666667
92325,165100.0,683.5
92335,255000.0,761.176470588
92336,377900.0,793.619047619
92337,302100.0,762.545454545
92344,241700.0,656.0
92345,179000.0,760.428571429
92346,264600.0,767.571428571
92352,332000.0,807.25
92354,358900.0,877.0
92356,112300.0,715.0
92359,224900.0,849.0
92371,214900.0,805.25
92372,206700.0,787.0
92373,419100.0,818.714285714
92374,291200.0,799.4
92376,251800.0,728.9
92377,317300.0,772.666666667
92391,156700.0,826.0
92392,190900.0,759.142857143
92394,177100.0,727.0
92395,171100.0,749.307692308
92397,242000.0,866.0
92399,303100.0,779.0
92404,197500.0,718.357142857
92405,173400.0,714.714285714
92407,234600.0,780.571428571
92408,195700.0,760.0
92501,248200.0,786.0
92503,292300.0,776.5
92504,274700.0,802.333333333
92505,301400.0,784.4
92506,371000.0,735.6
92507,280600.0,752.285714286
92508,401300.0,874.0
92509,285500.0,766.736842105
92530,254000.0,781.909090909
92532,323300.0,863.2
92536,308800.0,884.0
92539,179800.0,735.5
92543,137100.0,713.833333333
92544,192300.0,766.125
92545,211600.0,768.833333333
92549,229500.0,892.0
92551,231400.0,777.222222222
92553,222100.0,714.833333333
92555,296400.0,780.571428571
92557,260600.0,781.090909091
92562,366100.0,830.6
92563,357400.0,864.384615385
92567,262800.0,796.333333333
92570,240500.0,744.583333333
92571,227300.0,774.7
92582,234000.0,670.0
92583,184500.0,758.875
92584,309800.0,848.625
92585,280300.0,787.8
92586,182700.0,842.5
92587,345300.0,829.0
92591,377800.0,871.0
92592,401200.0,863.647058824
92595,327000.0,836.833333333
92596,344700.0,842.666666667
92602,790000.0,928.25
92603,990900.0,959.75
92604,682000.0,927.125
92606,691400.0,834.75
92612,659300.0,922.666666667
92614,611100.0,915.8
92618,723800.0,926.0
92620,768300.0,940.625
92624,747800.0,858.0
92625,1566700.0,932.0
92626,641900.0,828.0
92627,665300.0,759.111111111
92629,776700.0,767.666666667
92630,597800.0,860.428571429
92646,682100.0,896.6
92647,611300.0,843.428571429
92648,797500.0,902.25
92649,679100.0,876.75
92651,1432600.0,917.75
92653,658300.0,864.5
92655,448100.0,856.0
92656,511400.0,889.714285714
92660,1380600.0,922.25
92663,1221300.0,859.0
92672,765100.0,850.8
92673,806300.0,882.166666667
92675,643900.0,793.875
92677,727400.0,881.625
92679,771500.0,923.333333333
92683,528200.0,827.411764706
92688,573500.0,907.0
92691,606600.0,836.4375
92692,634400.0,878.333333333
92694,732200.0,933.0
92701,372000.0,763.0
92703,387800.0,742.363636364
92704,416700.0,768.35
92705,792900.0,833.142857143
92706,494100.0,787.333333333
92707,380100.0,754.909090909
92708,666300.0,864.214285714
92780,574400.0,780.538461538
92782,642300.0,926.0
92801,424600.0,780.727272727
92802,447600.0,770.333333333
92804,446500.0,770.210526316
92805,418400.0,767.4
92806,501000.0,758.5
92807,627100.0,890.5
92808,648200.0,905.5
92821,576900.0,853.888888889
92831,534000.0,806.5
92832,431400.0,814.6
92833,471300.0,852.666666667
92835,663700.0,909.0
92840,447800.0,790.769230769
92841,464200.0,780.5
92843,439000.0,804.909090909
92844,435900.0,853.875
92845,532100.0,897.0
92860,467800.0,817.444444444
92861,1167100.0,888.0
92865,548700.0,780.666666667
92866,532300.0,795.5
92867,603300.0,724.4
92868,438600.0,786.0
92869,614000.0,832.666666667
92870,568400.0,830.647058824
92879,363300.0,775.125
92880,489900.0,849.714285714
92881,464300.0,830.0
92882,407800.0,802.357142857
92883,423200.0,886.0
92886,678300.0,896.3
92887,773900.0,920.5
93001,494700.0,780.571428571
93003,493400.0,798.714285714
93004,479800.0,834.25
93010,525600.0,747.0
93012,517700.0,876.0
93013,773600.0,780.0
93015,340300.0,701.666666667
93021,573700.0,827.909090909
93022,498000.0,756.0
93023,612300.0,816.25
93030,420200.0,722.909090909
93033,352300.0,722.888888889
93035,487600.0,797.5
93036,405300.0,734.363636364
93041,311800.0,738.5
93060,361100.0,824.0
93063,478800.0,851.7
93065,485800.0,815.894736842
93066,967300.0,820.5
93101,794600.0,732.5
93103,1029900.0,775.25
93105,1032000.0,789.0
93108,2710500.0,954.0
93109,1064000.0,814.333333333
93110,1025200.0,782.75
93111,832700.0,891.0
93117,754600.0,855.75
93202,121500.0,746.0
93203,124900.0,710.0
93204,102700.0,647.25
93210,136300.0,739.25
93212,103900.0,725.5
93215,147100.0,764.0
93219,116000.0,685.5
93223,114600.0,655.5
93230,160900.0,729.6875
93234,125400.0,686.0
93235,95400.0,696.0
93238,194600.0,825.0
93240,127900.0,762.333333333
93241,85800.0,707.5
93242,121700.0,731.0
93245,182200.0,786.7
93247,136200.0,637.2
93250,129100.0,666.8
93256,109900.0,687.0
93257,143500.0,748.37037037
93263,135600.0,689.285714286
93265,220400.0,817.0
93267,116300.0,726.333333333
93268,106300.0,719.375
93270,175700.0,707.5
93271,265300.0,834.0
93274,147600.0,759.791666667
93277,174600.0,788.916666667
93280,134500.0,716.777777778
93286,134200.0,724.25
93291,192700.0,723.875
93292,179400.0,731.8
93301,162500.0,681.142857143
93304,127200.0,729.642857143
93305,114600.0,708.714285714
93306,159100.0,756.0
93307,130000.0,727.476190476
93308,173800.0,751.25
93309,172800.0,760.0
93311,266000.0,826.727272727
93312,267200.0,846.9375
93313,206900.0,780.5
93314,355600.0,813.6
93401,615200.0,861.25
93402,420900.0,828.666666667
93405,598800.0,807.0
93420,573300.0,813.714285714
93422,425200.0,796.666666667
93426,388700.0,832.0
93427,491500.0,864.0
93428,619500.0,812.333333333
93430,746900.0,897.0
93433,381900.0,822.333333333
93434,205600.0,695.0
93436,254400.0,744.583333333
93442,510500.0,826.0
93444,473600.0,795.333333333
93445,338300.0,769.0
93446,386800.0,795.428571429
93449,694100.0,865.0
93451,296000.0,799.5
93453,459600.0,747.0
93454,275200.0,737.5
93455,353800.0,762.181818182
93458,253900.0,721.8
93460,755800.0,843.0
93463,664300.0,897.0
93465,555700.0,832.166666667
93501,75300.0,641.0
93505,85800.0,699.5
93510,486100.0,766.666666667
93513,181000.0,691.0
93514,335000.0,785.2
93527,174800.0,834.0
93534,153200.0,677.285714286
93535,172700.0,691.5
93536,259400.0,806.692307692
93543,180300.0,732.75
93550,180500.0,671.083333333
93551,302900.0,813.181818182
93552,216300.0,732.1
93553,219200.0,791.0
93555,151700.0,790.333333333
93560,159300.0,643.166666667
93561,212400.0,770.166666667
93601,279900.0,814.0
93602,243400.0,875.0
93609,138100.0,749.5
93610,154700.0,793.0
93611,259400.0,850.882352941
93612,166800.0,847.0
93614,225900.0,821.0
93618,152500.0,713.916666667
93619,373500.0,931.5
93622,126700.0,779.25
93625,204200.0,790.0
93630,173300.0,786.6
93631,223500.0,756.5
93636,266000.0,843.75
93637,176400.0,751.384615385
93638,138300.0,694.416666667
93640,117200.0,755.25
93643,227800.0,847.0
93644,211100.0,803.0
93646,116000.0,752.2
93647,128700.0,711.0
93648,123000.0,722.333333333
93650,107400.0,875.0
93654,170100.0,796.7
93656,131700.0,789.25
93657,173900.0,757.384615385
93660,118100.0,686.0
93662,156300.0,752.727272727
93667,238900.0,825.0
93701,94600.0,710.166666667
93702,88400.0,702.5
93703,120400.0,669.2
93704,193800.0,756.2
93705,133800.0,725.0
93706,101700.0,723.277777778
93710,200200.0,789.8
93711,291500.0,817.5
93720,278300.0,919.6
93722,189900.0,782.076923077
93723,272600.0,791.5
93725,133900.0,748.4
93726,148100.0,745.181818182
93727,188400.0,745.230769231
93728,130500.0,697.5
93730,377600.0,927.0
93901,398700.0,759.428571429
93905,275300.0,722.357142857
93906,321700.0,724.055555556
93907,385200.0,721.428571429
93908,704800.0,893.2
93923,1187100.0,913.0
93924,886700.0,932.0
93926,255300.0,645.5
93927,198000.0,685.333333333
93933,415600.0,761.6
93940,617500.0,804.75
93950,713000.0,887.75
93955,375500.0,719.125
93960,252200.0,775.625
94002,1210400.0,897.833333333
94005,675800.0,842.5
94010,2053900.0,928.363636364
94014,598200.0,747.0
94015,701000.0,830.666666667
94019,904400.0,825.4
94020,883000.0,779.0
94022,2764000.0,945.8
94024,2211500.0,970.6
94025,1641100.0,825.714285714
94027,4583700.0,877.25
94028,2986100.0,939.5
94030,1189600.0,893.0
94037,931200.0,805.0
94040,1508700.0,854.142857143
94041,1214900.0,846.0
94043,909200.0,865.4
94044,714100.0,844.857142857
94061,1051900.0,804.2
94062,1613400.0,824.285714286
94063,691300.0,724.8
94065,1090900.0,853.333333333
94066,732000.0,819.166666667
94070,1312500.0,887.0
94080,698500.0,796.25
94085,732900.0,765.0
94086,987800.0,823.0
94087,1385900.0,903.222222222
94089,748000.0,793.0
94102,783000.0,617.0
94103,886800.0,775.0
94107,1007000.0,638.5
94108,845500.0,838.0
94109,933300.0,816.333333333
94110,1110000.0,666.333333333
94112,736900.0,755.9
94114,1504000.0,765.857142857
94115,1285300.0,769.666666667
94116,930600.0,876.166666667
94117,1312000.0,771.0
94118,1618400.0,873.5
94121,1198300.0,872.6
94122,980300.0,852.333333333
94123,2103500.0,879.0
94124,610100.0,684.2
94127,1259100.0,785.4
94131,1235800.0,760.142857143
94132,854100.0,894.5
94133,1173000.0,854.8
94134,677100.0,735.428571429
94301,2720900.0,927.0
94303,1384300.0,811.777777778
94305,2307200.0,941.5
94306,1905500.0,940.25
94401,703600.0,812.75
94402,1392400.0,780.75
94403,960600.0,807.5
94404,1046800.0,924.5
94501,727800.0,836.769230769
94502,733400.0,947.0
94503,419400.0,802.0
94505,519100.0,865.5
94506,1147500.0,945.5
94507,1463200.0,887.25
94509,273500.0,709.133333333
94510,510400.0,838.571428571
94513,452000.0,798.9375
94515,569800.0,784.5
94517,678500.0,902.0
94518,521800.0,740.4
94519,414900.0,635.0
94520,339000.0,695.4
94521,499800.0,761.222222222
94523,596100.0,838.9
94525,377200.0,760.0
94526,990400.0,881.8
94530,675600.0,787.8
94531,360800.0,778.555555556
94533,262000.0,727.764705882
94534,426900.0,865.888888889
94536,693800.0,839.2
94538,644400.0,798.6
94539,1192900.0,975.222222222
94541,436400.0,690.833333333
94542,669000.0,805.0
94544,443000.0,670.583333333
94545,455700.0,759.0
94546,581500.0,834.9
94547,457800.0,790.2
94549,1226400.0,930.333333333
94550,672600.0,838.666666667
94551,563900.0,837.5
94552,823300.0,942.25
94553,460300.0,762.222222222
94555,722200.0,944.666666667
94556,1108400.0,953.8
94558,494300.0,768.722222222
94559,469800.0,712.8
94560,581900.0,764.166666667
94561,337400.0,803.555555556
94563,1274300.0,958.833333333
94564,405100.0,747.5
94565,293900.0,739.235294118
94566,919800.0,886.555555556
94568,672000.0,864.25
94571,276100.0,797.0
94572,380500.0,747.0
94574,965100.0,823.0
94577,469000.0,760.0
94578,437300.0,734.333333333
94579,469700.0,754.0
94580,447900.0,749.375
94582,944400.0,938.111111111
94583,778700.0,916.333333333
94585,286000.0,810.5
94587,604100.0,812.375
94588,789400.0,919.666666667
94589,236000.0,752.875
94590,218200.0,728.8
94591,323100.0,764.857142857
94595,476400.0,918.0
94596,804600.0,898.333333333
94597,657200.0,897.0
94598,826800.0,906.5
94599,760400.0,797.0
94601,320000.0,743.111111111
94602,660100.0,775.75
94603,255500.0,704.375
94605,401400.0,707.125
94606,393700.0,727.857142857
94607,409500.0,637.0
94608,477100.0,709.666666667
94609,667700.0,670.8
94610,867900.0,805.0
94611,942300.0,900.363636364
94612,442700.0,685.0
94618,1021600.0,868.75
94619,533000.0,764.666666667
94621,231600.0,704.6
94702,688800.0,917.0
94703,729400.0,860.0
94704,790100.0,730.0
94705,1263400.0,821.75
94706,718100.0,902.8
94707,1003600.0,879.5
94708,997000.0,907.5
94709,772100.0,874.0
94710,662800.0,872.0
94801,236800.0,688.666666667
94803,429100.0,774.0
94804,299900.0,665.5
94805,390700.0,703.0
94806,293400.0,711.25
94901,878500.0,804.777777778
94903,772700.0,814.142857143
94904,1474800.0,935.5
94920,2292800.0,958.0
94923,738100.0,817.0
94924,1427700.0,842.0
94925,1071700.0,915.0
94928,414300.0,769.888888889
94930,742200.0,902.5
94931,437000.0,761.0
94939,1331000.0,811.0
94941,1273300.0,929.142857143
94945,692300.0,840.666666667
94947,625300.0,832.375
94949,769200.0,853.0
94952,629400.0,873.5
94954,500000.0,869.666666667
94957,2417300.0,934.0
94960,992700.0,911.666666667
94965,1087800.0,734.0
95003,728300.0,847.4
95004,499200.0,784.0
95006,413700.0,869.0
95008,890500.0,770.5
95010,655600.0,848.0
95014,1549900.0,955.5
95018,473700.0,843.0
95020,595400.0,801.4
95023,404200.0,746.823529412
95030,2063400.0,898.5
95032,1335500.0,944.0
95033,925200.0,931.0
95035,729500.0,840.538461538
95037,779500.0,773.7
95045,471600.0,756.0
95046,862700.0,780.0
95050,762900.0,772.5
95051,859000.0,826.0
95054,816100.0,830.333333333
95060,757300.0,723.0
95062,677900.0,724.111111111
95065,661100.0,875.0
95066,703100.0,886.333333333
95070,2073100.0,930.857142857
95073,657000.0,833.75
95076,421400.0,691.7
95110,517500.0,796.0
95111,532700.0,760.909090909
95112,570500.0,755.833333333
95116,483700.0,737.666666667
95117,845300.0,712.5
95118,782000.0,820.111111111
95119,720100.0,846.0
95120,1195000.0,901.444444444
95121,610000.0,848.7
95122,499500.0,760.75
95123,683400.0,769.0
95124,896300.0,906.666666667
95125,955100.0,784.909090909
95126,673800.0,743.0
95127,548200.0,773.25
95128,743300.0,739.5
95129,1277400.0,949.0
95130,980700.0,888.333333333
95131,706700.0,715.6
95132,746900.0,852.0
95133,609700.0,745.8
95135,922500.0,961.333333333
95136,707200.0,807.6
95138,927000.0,923.5
95139,672600.0,801.5
95148,723200.0,844.6
95203,142900.0,699.25
95204,158400.0,731.75
95205,106800.0,642.142857143
95206,174900.0,669.65
95207,179100.0,752.0
95209,244100.0,764.384615385
95210,162500.0,739.571428571
95212,275800.0,753.857142857
95215,121900.0,712.0
95219,307600.0,826.8
95222,256700.0,822.0
95223,244700.0,849.0
95228,328200.0,829.0
95236,330600.0,792.0
95237,265300.0,761.0
95240,219500.0,729.818181818
95242,306700.0,746.7
95245,192700.0,816.0
95247,324200.0,847.0
95249,177700.0,667.0
95252,245600.0,805.666666667
95255,148900.0,678.0
95304,481900.0,824.333333333
95307,200600.0,753.357142857
95316,236400.0,788.75
95320,252200.0,751.2
95321,209900.0,747.5
95324,238100.0,783.666666667
95326,265800.0,788.6
95327,193300.0,765.0
95328,138800.0,781.0
95329,193700.0,856.0
95330,288700.0,745.0
95336,257800.0,749.615384615
95337,324500.0,801.0
95338,224400.0,774.8
95340,187400.0,729.176470588
95348,201300.0,783.25
95350,193400.0,769.125
95351,139200.0,712.0
95354,164400.0,763.0
95355,246900.0,836.266666667
95356,265900.0,811.333333333
95357,231700.0,804.75
95358,173400.0,749.555555556
95361,258000.0,758.2
95363,252000.0,726.0
95365,96900.0,775.0
95366,339300.0,838.166666667
95367,233600.0,713.2
95368,242000.0,785.75
95370,217900.0,722.428571429
95372,206100.0,830.0
95376,314800.0,761.066666667
95377,414600.0,834.8
95379,164600.0,814.5
95380,198100.0,701.777777778
95382,277100.0,793.666666667
95383,213000.0,811.0
95386,180200.0,786.6
95388,127000.0,781.6
95391,487100.0,875.0
95401,387500.0,869.0
95403,429600.0,697.75
95405,445700.0,894.0
95407,387700.0,790.666666667
95409,536500.0,900.0
95421,440200.0,867.0
95422,102200.0,676.666666667
95423,150500.0,576.5
95425,400200.0,750.666666667
95437,335900.0,776.5
95442,795000.0,758.0
95446,338300.0,856.0
95448,584400.0,812.4
95451,204600.0,747.0
95452,847500.0,889.0
95453,217500.0,793.333333333
95458,118300.0,744.0
95460,537600.0,825.0
95461,232100.0,808.8
95462,349900.0,875.0
95470,367300.0,723.0
95472,653200.0,775.4
95476,591300.0,692.875
95482,284700.0,675.0
95490,228600.0,742.4
95492,483600.0,727.833333333
95501,216800.0,707.833333333
95503,230600.0,831.4
95519,264500.0,827.0
95521,276100.0,821.25
95540,244000.0,685.857142857
95562,181100.0,805.0
95567,264200.0,737.0
95570,353200.0,830.0
95602,376900.0,628.5
95603,340900.0,746.5
95605,173100.0,720.0
95608,430500.0,786.230769231
95610,241500.0,731.333333333
95614,303700.0,806.0
95616,578700.0,888.666666667
95618,536700.0,882.0
95619,242000.0,622.0
95620,333400.0,710.666666667
95621,275000.0,776.857142857
95623,266900.0,819.0
95624,329700.0,824.647058824
95627,205300.0,754.5
95628,417000.0,741.333333333
95630,424600.0,884.6
95631,277400.0,804.666666667
95632,254700.0,787.666666667
95634,224900.0,821.5
95636,149400.0,865.0
95638,455200.0,771.0
95640,227400.0,813.0
95642,257600.0,765.333333333
95648,379300.0,830.666666667
95650,473700.0,888.8
95655,301600.0,695.333333333
95658,520100.0,882.0
95660,157400.0,727.3
95661,379100.0,875.777777778
95662,330800.0,854.0
95663,509500.0,877.0
95666,181100.0,815.0
95667,279600.0,831.0
95670,235800.0,739.615384615
95672,382100.0,866.666666667
95677,348700.0,884.8
95678,291300.0,806.636363636
95682,360100.0,882.5
95683,423300.0,915.0
95685,275600.0,681.2
95687,322200.0,800.285714286
95688,405900.0,774.875
95690,291400.0,769.0
95691,295400.0,739.571428571
95692,227300.0,808.333333333
95693,527800.0,890.0
95694,311000.0,761.666666667
95695,263400.0,759.923076923
95709,267200.0,870.0
95713,285700.0,824.0
95722,407200.0,853.0
95726,217800.0,822.0
95742,343900.0,901.0
95746,650400.0,907.4
95747,391600.0,876.75
95757,378600.0,860.0
95758,293400.0,833.25
95762,532600.0,918.444444444
95765,405200.0,865.5
95776,285500.0,760.5
95814,337500.0,748.0
95816,425100.0,863.0
95817,230400.0,657.5
95818,445800.0,767.142857143
95819,424500.0,819.75
95822,194800.0,746.4
95823,185300.0,701.5625
95824,144300.0,733.0
95826,244300.0,801.428571429
95827,224800.0,720.0
95828,203800.0,725.1
95829,301700.0,834.6
95831,356500.0,808.25
95832,170200.0,716.0
95833,272900.0,741.8
95834,311500.0,753.0
95835,305200.0,783.0
95838,199200.0,721.909090909
95843,304600.0,808.363636364
95901,161900.0,757.0
95916,171300.0,709.0
95926,255500.0,766.142857143
95928,270100.0,796.6
95938,394100.0,809.0
95945,285400.0,764.857142857
95949,335100.0,851.6
95953,163000.0,793.6
95954,160600.0,721.666666667
95959,368800.0,765.5
95961,169400.0,759.272727273
95965,154100.0,727.428571429
95966,159000.0,747.4
95969,195000.0,778.5
95982,181800.0,779.0
95987,177400.0,711.5
95991,189300.0,769.727272727
95993,242300.0,762.666666667
96001,217900.0,746.666666667
96002,209900.0,782.111111111
96003,234100.0,746.111111111
96007,174000.0,732.444444444
96013,121900.0,780.0
96019,150900.0,746.75
96021,132100.0,788.625
96022,190200.0,824.8
96025,128900.0,719.5
96027,170100.0,853.0
96052,160800.0,791.0
96055,133300.0,831.0
96057,141100.0,814.0
96064,152700.0,772.2
96067,230200.0,822.333333333
96073,313300.0,814.8
96080,145500.0,750.583333333
96088,185500.0,788.5
96093,166700.0,780.0
96094,147000.0,758.0
96097,132300.0,815.5
96114,178500.0,841.0
96130,115800.0,751.571428571
96134,77700.0,747.0
96137,313500.0,706.5
96143,362100.0,807.0
96145,546300.0,795.5
96150,342100.0,802.5
96161,500600.0,827.857142857
